BILANCIO ESERCIZIO;;;;
VOCI DI BILANCIO;DATA1;DATA2;NOTE;NOME TAG XBRL
Dati anagrafici, denominazione;;;;itcc-ci:DatiAnagraficiDenominazione
Dati anagrafici, sede;;;;itcc-ci:DatiAnagraficiSede
Dati anagrafici, capitale sociale;;;;itcc-ci:DatiAnagraficiCapitaleSociale
Dati anagrafici, capitale sociale interamente versato;;;;itcc-ci:DatiAnagraficiCapitaleSocialeInteramenteVersato
Dati anagrafici, codice cciaa;;;;itcc-ci:DatiAnagraficiCodiceCciaa
Dati anagrafici, partita iva;;;;itcc-ci:DatiAnagraficiPartitaIva
Dati anagrafici, codice fiscale;;;;itcc-ci:DatiAnagraficiCodiceFiscale
Dati anagrafici, numero rea;;;;itcc-ci:DatiAnagraficiNumeroRea
Dati anagrafici, forma giuridica;;;;itcc-ci:DatiAnagraficiFormaGiuridica
Dati anagrafici, settore di attività prevalente (ateco);;;;itcc-ci:DatiAnagraficiSettoreAttivitaPrevalenteAteco
Dati anagrafici, società in liquidazione;;;;itcc-ci:DatiAnagraficiSocietaLiquidazione
Dati anagrafici, società con socio unico;;;;itcc-ci:DatiAnagraficiSocietaSocioUnico
Dati anagrafici, società sottoposta ad altrui attività di direzione e coordinamento;;;;itcc-ci:DatiAnagraficiSocietaSottopostaAltruiAttivitaDirezioneCoordinamento
Dati anagrafici, denominazione della società o ente che esercita l'attività di direzione e coordinamento;;;;itcc-ci:DatiAnagraficiDenominazioneSocietaEnteEsercitaAttivitaDirezioneCoordinamento
Dati anagrafici, appartenenza a un gruppo;;;;itcc-ci:DatiAnagraficiAppartenenzaGruppo
Dati anagrafici, denominazione della società capogruppo;;;;itcc-ci:DatiAnagraficiDenominazioneSocietaCapogruppo
Dati anagrafici, paese della capogruppo;;;;itcc-ci:DatiAnagraficiPaeseCapogruppo
Dati anagrafici, numero di iscrizione all'albo delle cooperative;;;;itcc-ci:DatiAnagraficiNumeroIscrizioneAlboCooperative
A - Crediti verso soci per versamenti ancora dovuti, parte richiamata;;;;itcc-ci:CreditiVersoSociVersamentiAncoraDovutiParteRichiamata
A - Crediti verso soci per versamenti ancora dovuti, parte da richiamare;;;;itcc-ci:CreditiVersoSociVersamentiAncoraDovutiParteRichiamare
A - Totale crediti verso soci per versamenti ancora dovuti;;;;itcc-ci:TotaleCreditiVersoSociVersamentiAncoraDovuti
B.I.1 - Immobilizzazioni immateriali, costi di impianto e di ampliamento;;;;itcc-ci:ImmobilizzazioniImmaterialiCostiImpiantoAmpliamento
B.I.2 - Immobilizzazioni immateriali, costi di sviluppo;;;;itcc-ci:ImmobilizzazioniImmaterialiCostiSviluppo
B.I.3 - Immobilizzazioni immateriali, diritti di brevetto industriale e diritti di utilizzazione delle opere dell'ingegno;;;;itcc-ci:ImmobilizzazioniImmaterialiDirittiBrevettoIndustrialeDirittiUtilizzazioneOpereIngegno
B.I.4 - Immobilizzazioni immateriali, concessioni, licenze, marchi e diritti simili;;;;itcc-ci:ImmobilizzazioniImmaterialiConcessioniLicenzeMarchiDirittiSimili
B.I.5 - Immobilizzazioni immateriali, avviamento;;;;itcc-ci:ImmobilizzazioniImmaterialiAvviamento
B.I.6 - Immobilizzazioni immateriali, immobilizzazioni in corso e acconti;;;;itcc-ci:ImmobilizzazioniImmaterialiImmobilizzazioniCorsoAcconti
B.I.7 - Immobilizzazioni immateriali, altre;;;;itcc-ci:ImmobilizzazioniImmaterialiAltre
B.I - Totale immobilizzazioni immateriali;;;;itcc-ci:TotaleImmobilizzazioniImmateriali
B.II.1 - Immobilizzazioni materiali, terreni e fabbricati;;;;itcc-ci:ImmobilizzazioniMaterialiTerreniFabbricati
B.II.2 - Immobilizzazioni materiali, impianti e macchinario;;;;itcc-ci:ImmobilizzazioniMaterialiImpiantiMacchinario
B.II.3 - Immobilizzazioni materiali, attrezzature industriali e commerciali;;;;itcc-ci:ImmobilizzazioniMaterialiAttrezzatureIndustrialiCommerciali
B.II.4 - Immobilizzazioni materiali, altri beni;;;;itcc-ci:ImmobilizzazioniMaterialiAltriBeni
B.II.5 - Immobilizzazioni materiali, immobilizzazioni in corso e acconti;;;;itcc-ci:ImmobilizzazioniMaterialiImmobilizzazioniCorsoAcconti
B.II - Totale immobilizzazioni materiali;;;;itcc-ci:TotaleImmobilizzazioniMateriali
B.III.1.a - Immobilizzazioni finanziarie, partecipazioni, imprese controllate;;;;itcc-ci:ImmobilizzazioniFinanziariePartecipazioniImpreseControllate
B.III.1.b - Immobilizzazioni finanziarie, partecipazioni, imprese collegate;;;;itcc-ci:ImmobilizzazioniFinanziariePartecipazioniImpreseCollegate
B.III.1.c - Immobilizzazioni finanziarie, partecipazioni, imprese controllanti;;;;itcc-ci:ImmobilizzazioniFinanziariePartecipazioniImpreseControllanti
B.III.1.d - Immobilizzazioni finanziarie, partecipazioni, imprese sottoposte al controllo delle controllanti;;;;itcc-ci:ImmobilizzazioniFinanziariePartecipazioniImpreseSottoposteControlloControllanti
B.III.1.d-bis - Immobilizzazioni finanziarie, partecipazioni, altre imprese;;;;itcc-ci:ImmobilizzazioniFinanziariePartecipazioniAltreImprese
B.III.1 - Immobilizzazioni finanziarie, partecipazioni, totale partecipazioni;;;;itcc-ci:ImmobilizzazioniFinanziariePartecipazioniTotalePartecipazioni
B.III.2.a - Immobilizzazioni finanziarie, crediti, verso imprese controllate, esigibili entro l'esercizio successivo;;;;itcc-ci:ImmobilizzazioniFinanziarieCreditiVersoImpreseControllateEsigibiliEntroEsercizioSuccessivo
B.III.2.a - Immobilizzazioni finanziarie, crediti, verso imprese controllate, esigibili oltre l'esercizio successivo;;;;itcc-ci:ImmobilizzazioniFinanziarieCreditiVersoImpreseControllateEsigibiliOltreEsercizioSuccessivo
B.III.2.a - Immobilizzazioni finanziarie, crediti, verso imprese controllate, totale crediti verso imprese controllate;;;;itcc-ci:ImmobilizzazioniFinanziarieCreditiVersoImpreseControllateTotaleCreditiVersoImpreseControllate
B.III.2.b - Immobilizzazioni finanziarie, crediti, verso imprese collegate, esigibili entro l'esercizio successivo;;;;itcc-ci:ImmobilizzazioniFinanziarieCreditiVersoImpreseCollegateEsigibiliEntroEsercizioSuccessivo
B.III.2.b - Immobilizzazioni finanziarie, crediti, verso imprese collegate, esigibili oltre l'esercizio successivo;;;;itcc-ci:ImmobilizzazioniFinanziarieCreditiVersoImpreseCollegateEsigibiliOltreEsercizioSuccessivo
B.III.2.b - Immobilizzazioni finanziarie, crediti, verso imprese collegate, totale crediti verso imprese collegate;;;;itcc-ci:ImmobilizzazioniFinanziarieCreditiVersoImpreseCollegateTotaleCreditiVersoImpreseCollegate
B.III.2.c - Immobilizzazioni finanziarie, crediti, verso controllanti, esigibili entro l'esercizio successivo;;;;itcc-ci:ImmobilizzazioniFinanziarieCreditiVersoControllantiEsigibiliEntroEsercizioSuccessivo
B.III.2.c - Immobilizzazioni finanziarie, crediti, verso controllanti, esigibili oltre l'esercizio successivo;;;;itcc-ci:ImmobilizzazioniFinanziarieCreditiVersoControllantiEsigibiliOltreEsercizioSuccessivo
B.III.2.c - Immobilizzazioni finanziarie, crediti, verso controllanti, totale crediti verso controllanti;;;;itcc-ci:ImmobilizzazioniFinanziarieCreditiVersoControllantiTotaleCreditiVersoControllanti
B.III.2.d - Immobilizzazioni finanziarie, crediti, verso imprese sottoposte al controllo delle controllanti, esigibili entro l'esercizio successivo;;;;itcc-ci:ImmobilizzazioniFinanziarieCreditiVersoImpreseSottoposteControlloControllantiEsigibiliEntroEsercizioSuccessivo
B.III.2.d - Immobilizzazioni finanziarie, crediti, verso imprese sottoposte al controllo delle controllanti, esigibili oltre l'esercizio successivo;;;;itcc-ci:ImmobilizzazioniFinanziarieCreditiVersoImpreseSottoposteControlloControllantiEsigibiliOltreEsercizioSuccessivo
B.III.2.d - Immobilizzazioni finanziarie, crediti, verso imprese sottoposte al controllo delle controllanti, totale crediti verso imprese sottoposte al controllo delle controllanti;;;;itcc-ci:ImmobilizzazioniFinanziarieCreditiVersoImpreseSottoposteControlloControllantiTotaleCreditiVersoImpreseSottoposteControlloControllanti
B.III.2.d-bis - Immobilizzazioni finanziarie, crediti, verso altri, esigibili entro l'esercizio successivo;;;;itcc-ci:ImmobilizzazioniFinanziarieCreditiVersoAltriEsigibiliEntroEsercizioSuccessivo
B.III.2.d-bis - Immobilizzazioni finanziarie, crediti, verso altri, esigibili oltre l'esercizio successivo;;;;itcc-ci:ImmobilizzazioniFinanziarieCreditiVersoAltriEsigibiliOltreEsercizioSuccessivo
B.III.2.d-bis - Totale crediti immobilizzati verso altri;;;;itcc-ci:ImmobilizzazioniFinanziarieCreditiVersoAltriTotaleCreditiVersoAltri
B.III.2 - Immobilizzazioni finanziarie, crediti, totale crediti;;;;itcc-ci:ImmobilizzazioniFinanziarieCreditiTotaleCrediti
B.III.3 - Immobilizzazioni finanziarie, altri titoli;;;;itcc-ci:ImmobilizzazioniFinanziarieAltriTitoli
B.III.4 - Immobilizzazioni finanziarie, strumenti finanziari derivati attivi;;;;itcc-ci:ImmobilizzazioniFinanziarieStrumentiFinanziariDerivatiAttivi
B.III - Totale immobilizzazioni finanziarie;;;;itcc-ci:TotaleImmobilizzazioniFinanziarie
B - Totale immobilizzazioni;;;;itcc-ci:TotaleImmobilizzazioni
C.I.1 - Rimanenze, materie prime, sussidiarie e di consumo;;;;itcc-ci:RimanenzeMateriePrimeSussidiarieConsumo
C.I.2 - Rimanenze, prodotti in corso di lavorazione e semilavorati;;;;itcc-ci:RimanenzeProdottiCorsoLavorazioneSemilavorati
C.I.3 - Rimanenze, lavori in corso su ordinazione;;;;itcc-ci:RimanenzeLavoriCorsoOrdinazione
C.I.4 - Rimanenze, prodotti finiti e merci;;;;itcc-ci:RimanenzeProdottiFinitiMerci
C.I.5 - Rimanenze, acconti;;;;itcc-ci:RimanenzeAcconti
C.I - Totale rimanenze;;;;itcc-ci:TotaleRimanenze
C - Immobilizzazioni materiali destinate alla vendita;;;;itcc-ci:ImmobilizzazioniMaterialiDestinateAllaVendita
C.II.1 - Crediti, verso clienti, esigibili entro l'esercizio successivo;;;;itcc-ci:CreditiVersoClientiEsigibiliEntroEsercizioSuccessivo
C.II.1 - Crediti, verso clienti, esigibili oltre l'esercizio successivo;;;;itcc-ci:CreditiVersoClientiEsigibiliOltreEsercizioSuccessivo
C.II.1 - Crediti, verso clienti, totale crediti verso clienti;;;;itcc-ci:CreditiVersoClientiTotaleCreditiVersoClienti
C.II.2 - Crediti, verso imprese controllate, esigibili entro l'esercizio successivo;;;;itcc-ci:CreditiVersoImpreseControllateEsigibiliEntroEsercizioSuccessivo
C.II.2 - Crediti, verso imprese controllate, esigibili oltre l'esercizio successivo;;;;itcc-ci:CreditiVersoImpreseControllateEsigibiliOltreEsercizioSuccessivo
C.II.2 - Crediti, verso imprese controllate, totale crediti verso imprese controllate;;;;itcc-ci:CreditiVersoImpreseControllateTotaleCreditiVersoImpreseControllate
C.II.3 - Crediti, verso imprese collegate, esigibili entro l'esercizio successivo;;;;itcc-ci:CreditiVersoImpreseCollegateEsigibiliEntroEsercizioSuccessivo
C.II.3 - Crediti, verso imprese collegate, esigibili oltre l'esercizio successivo;;;;itcc-ci:CreditiVersoImpreseCollegateEsigibiliOltreEsercizioSuccessivo
C.II.3 - Crediti, verso imprese collegate, totale crediti verso imprese collegate;;;;itcc-ci:CreditiVersoImpreseCollegateTotaleCreditiVersoImpreseCollegate
C.II.4 - Crediti, verso controllanti, esigibili entro l'esercizio successivo;;;;itcc-ci:CreditiVersoControllantiEsigibiliEntroEsercizioSuccessivo
C.II.4 - Crediti, verso controllanti, esigibili oltre l'esercizio successivo;;;;itcc-ci:CreditiVersoControllantiEsigibiliOltreEsercizioSuccessivo
C.II.4 - Crediti, verso controllanti, totale crediti verso controllanti;;;;itcc-ci:CreditiVersoControllantiTotaleCreditiVersoControllanti
C.II.5 - Crediti, verso imprese sottoposte al controllo delle controllanti, esigibili entro l'esercizio successivo;;;;itcc-ci:CreditiVersoImpreseSottoposteControlloControllantiEsigibiliEntroEsercizioSuccessivo
C.II.5 - Crediti, verso imprese sottoposte al controllo delle controllanti, esigibili oltre l'esercizio successivo;;;;itcc-ci:CreditiVersoImpreseSottoposteControlloControllantiEsigibiliOltreEsercizioSuccessivo
C.II.5 - Crediti, verso imprese sottoposte al controllo delle controllanti, totale crediti verso imprese sottoposte al controllo delle controllanti;;;;itcc-ci:CreditiVersoImpreseSottoposteControlloControllantiTotaleCreditiVersoImpreseSottoposteControlloControllanti
C.II.5-bis - Crediti, crediti tributari, esigibili entro l'esercizio successivo;;;;itcc-ci:CreditiCreditiTributariEsigibiliEntroEsercizioSuccessivo
C.II.5-bis - Crediti, crediti tributari, esigibili oltre l'esercizio successivo;;;;itcc-ci:CreditiCreditiTributariEsigibiliOltreEsercizioSuccessivo
C.II.5-bis - Crediti, crediti tributari, totale crediti tributari;;;;itcc-ci:CreditiCreditiTributariTotaleCreditiTributari
C.II.5-ter - Crediti, imposte anticipate, totale imposte anticipate;;;;itcc-ci:CreditiImposteAnticipateTotaleImposteAnticipate
C.II.5-quater - Crediti, verso altri, esigibili entro l'esercizio successivo;;;;itcc-ci:CreditiVersoAltriEsigibiliEntroEsercizioSuccessivo
C.II.5-quater - Crediti, verso altri, esigibili oltre l'esercizio successivo;;;;itcc-ci:CreditiVersoAltriEsigibiliOltreEsercizioSuccessivo
C.II.5-quater - Crediti, verso altri, totale crediti verso altri;;;;itcc-ci:CreditiVersoAltriTotaleCreditiVersoAltri
C.II - Totale crediti;;;;itcc-ci:TotaleCrediti
C.III.1 - Attività finanziarie che non costituiscono immobilizzazioni, partecipazioni in imprese controllate;;;;itcc-ci:AttivitaFinanziarieNonCostituisconoImmobilizzazioniPartecipazioniImpreseControllate
C.III.2 - Attività finanziarie che non costituiscono immobilizzazioni, partecipazioni in imprese collegate;;;;itcc-ci:AttivitaFinanziarieNonCostituisconoImmobilizzazioniPartecipazioniImpreseCollegate
C.III.3 - Attività finanziarie che non costituiscono immobilizzazioni, partecipazioni in imprese controllanti;;;;itcc-ci:AttivitaFinanziarieNonCostituisconoImmobilizzazioniPartecipazioniImpreseControllanti
C.III.3-bis - Attività finanziarie che non costituiscono immobilizzazioni, partecipazioni in imprese sottoposte al controllo delle controllanti;;;;itcc-ci:AttivitaFinanziarieNonCostituisconoImmobilizzazioniPartecipazioniImpreseSottoposteControlloControllanti
C.III.4 - Attività finanziarie che non costituiscono immobilizzazioni, altre partecipazioni;;;;itcc-ci:AttivitaFinanziarieNonCostituisconoImmobilizzazioniAltrePartecipazioni
C.III.5 - Attività finanziarie che non costituiscono immobilizzazioni, strumenti finanziari derivati attivi;;;;itcc-ci:AttivitaFinanziarieNonCostituisconoImmobilizzazioniStrumentiFinanziariDerivatiAttivi
C.III.6 - Attività finanziarie che non costituiscono immobilizzazioni, altri titoli;;;;itcc-ci:AttivitaFinanziarieNonCostituisconoImmobilizzazioniAltriTitoli
C.III - Attività finanziarie che non costituiscono immobilizzazioni, attività finanziarie per la gestione accentrata della tesoreria;;;;itcc-ci:AttivitaFinanziarieNonCostituisconoImmobilizzazioniAttivitaFinanziarieLaGestioneAccentrataTesoreria
C.III - Totale attività finanziarie che non costituiscono immobilizzazioni;;;;itcc-ci:TotaleAttivitaFinanziarieNonCostituisconoImmobilizzazioni
C.IV.1 - Disponibilità liquide, depositi bancari e postali;;;;itcc-ci:DisponibilitaLiquideDepositiBancariPostali
C.IV.2 - Disponibilità liquide, assegni;;;;itcc-ci:DisponibilitaLiquideAssegni
C.IV.3 - Disponibilità liquide, danaro e valori in cassa;;;;itcc-ci:DisponibilitaLiquideDanaroValoriCassa
C.IV - Totale disponibilità liquide;;;;itcc-ci:TotaleDisponibilitaLiquide
C - Totale attivo circolante;;;;itcc-ci:TotaleAttivoCircolante
D - Attivo, ratei e risconti;;;;itcc-ci:AttivoRateiRisconti
Totale attivo;;;;itcc-ci:TotaleAttivo
A.I - Patrimonio netto, capitale;;;;itcc-ci:PatrimonioNettoCapitale
A.II - Patrimonio netto, riserva da soprapprezzo delle azioni;;;;itcc-ci:PatrimonioNettoRiservaSoprapprezzoAzioni
A.III - Patrimonio netto, riserve di rivalutazione;;;;itcc-ci:PatrimonioNettoRiserveRivalutazione
A.IV - Patrimonio netto, riserva legale;;;;itcc-ci:PatrimonioNettoRiservaLegale
A.V - Patrimonio netto, riserve statutarie;;;;itcc-ci:PatrimonioNettoRiserveStatutarie
A.VI - Patrimonio netto, Altre riserve, distintamente indicate, riserva straordinaria;;;;itcc-ci:PatrimonioNettoAltreRiserveDistintamenteIndicateRiservaStraordinaria
A.VI - Patrimonio netto, Altre riserve, distintamente indicate, riserva da deroghe ex articolo 2423 codice civile;;;;itcc-ci:PatrimonioNettoAltreRiserveDistintamenteIndicateRiservaDerogheExArticolo2423CodiceCivile
A.VI - Patrimonio netto, Altre riserve, distintamente indicate, riserva azioni (quote) della società controllante;;;;itcc-ci:PatrimonioNettoAltreRiserveDistintamenteIndicateRiservaAzioniQuoteSocietaControllante
A.VI - Patrimonio netto, Altre riserve, distintamente indicate, riserva da rivalutazione delle partecipazioni;;;;itcc-ci:PatrimonioNettoAltreRiserveDistintamenteIndicateRiservaRivalutazionePartecipazioni
A.VI - Patrimonio netto, Altre riserve, distintamente indicate, versamenti in conto aumento di capitale;;;;itcc-ci:PatrimonioNettoAltreRiserveDistintamenteIndicateVersamentiContoAumentoCapitale
A.VI - Patrimonio netto, Altre riserve, distintamente indicate, versamenti in conto futuro aumento di capitale;;;;itcc-ci:PatrimonioNettoAltreRiserveDistintamenteIndicateVersamentiContoFuturoAumentoCapitale
A.VI - Patrimonio netto, Altre riserve, distintamente indicate, versamenti in conto capitale;;;;itcc-ci:PatrimonioNettoAltreRiserveDistintamenteIndicateVersamentiContoCapitale
A.VI - Patrimonio netto, Altre riserve, distintamente indicate, versamenti a copertura perdite;;;;itcc-ci:PatrimonioNettoAltreRiserveDistintamenteIndicateVersamentiCoperturaPerdite
A.VI - Patrimonio netto, Altre riserve, distintamente indicate, riserva da riduzione capitale sociale;;;;itcc-ci:PatrimonioNettoAltreRiserveDistintamenteIndicateRiservaRiduzioneCapitaleSociale
A.VI - Patrimonio netto, Altre riserve, distintamente indicate, riserva avanzo di fusione;;;;itcc-ci:PatrimonioNettoAltreRiserveDistintamenteIndicateRiservaAvanzoFusione
A.VI - Patrimonio netto, Altre riserve, distintamente indicate, riserva per utili su cambi non realizzati;;;;itcc-ci:PatrimonioNettoAltreRiserveDistintamenteIndicateRiservaUtiliCambiNonRealizzati
A.VI - Patrimonio netto, Altre riserve, distintamente indicate, riserva da conguaglio utili in corso;;;;itcc-ci:PatrimonioNettoAltreRiserveDistintamenteIndicateRiservaConguaglioUtiliCorso
A.VI - Totale, varie altre riserve;;;;itcc-ci:PatrimonioNettoAltreRiserveDistintamenteIndicateVarieAltreRiserve
A.VI - Patrimonio netto, Altre riserve, distintamente indicate, totale altre riserve;;;;itcc-ci:PatrimonioNettoAltreRiserveDistintamenteIndicateTotaleAltreRiserve
A.VII - Patrimonio netto, riserva per operazioni di copertura dei flussi finanziari attesi;;;;itcc-ci:PatrimonioNettoRiservaOperazioniCoperturaFlussiFinanziariAttesi
A.VIII - Patrimonio netto, utili (perdite) portati a nuovo;;;;itcc-ci:PatrimonioNettoUtiliPerditePortatiNuovo
A.IX - Patrimonio netto, utile (perdita) dell'esercizio;;;;itcc-ci:PatrimonioNettoUtilePerditaEsercizio
A - Patrimonio netto, perdita ripianata nell'esercizio;;;;itcc-ci:PatrimonioNettoPerditaRipianataEsercizio
A.X - Patrimonio netto, riserva negativa per azioni proprie in portafoglio;;;;itcc-ci:PatrimonioNettoRiservaNegativaAzioniPropriePortafoglio
A - Totale patrimonio netto;;;;itcc-ci:TotalePatrimonioNetto
B.1 - Fondi per rischi e oneri, per trattamento di quiescenza e obblighi simili;;;;itcc-ci:FondiRischiOneriTrattamentoQuiescenzaObblighiSimili
B.2 - Fondi per rischi e oneri, per imposte, anche differite;;;;itcc-ci:FondiRischiOneriImposteAncheDifferite
B.3 - Fondi per rischi e oneri, strumenti finanziari derivati passivi;;;;itcc-ci:FondiRischiOneriStrumentiFinanziariDerivatiPassivi
B.4 - Fondi per rischi e oneri, altri;;;;itcc-ci:FondiRischiOneriAltri
B - Totale fondi per rischi ed oneri;;;;itcc-ci:TotaleFondiRischiOneri
C - Trattamento di fine rapporto di lavoro subordinato;;;;itcc-ci:TrattamentoFineRapportoLavoroSubordinato
D.1 - Debiti, obbligazioni, esigibili entro l'esercizio successivo;;;;itcc-ci:DebitiObbligazioniEsigibiliEntroEsercizioSuccessivo
D.1 - Debiti, obbligazioni, esigibili oltre l'esercizio successivo;;;;itcc-ci:DebitiObbligazioniEsigibiliOltreEsercizioSuccessivo
D.1 - Debiti, obbligazioni, totale obbligazioni;;;;itcc-ci:DebitiObbligazioniTotaleObbligazioni
D.2 - Debiti, obbligazioni convertibili, esigibili entro l'esercizio successivo;;;;itcc-ci:DebitiObbligazioniConvertibiliEsigibiliEntroEsercizioSuccessivo
D.2 - Debiti, obbligazioni convertibili, esigibili oltre l'esercizio successivo;;;;itcc-ci:DebitiObbligazioniConvertibiliEsigibiliOltreEsercizioSuccessivo
D.2 - Debiti, obbligazioni convertibili, totale obbligazioni convertibili;;;;itcc-ci:DebitiObbligazioniConvertibiliTotaleObbligazioniConvertibili
D.3 - Debiti, debiti verso soci per finanziamenti, esigibili entro l'esercizio successivo;;;;itcc-ci:DebitiDebitiVersoSociFinanziamentiEsigibiliEntroEsercizioSuccessivo
D.3 - Debiti, debiti verso soci per finanziamenti, esigibili oltre l'esercizio successivo;;;;itcc-ci:DebitiDebitiVersoSociFinanziamentiEsigibiliOltreEsercizioSuccessivo
D.3 - Debiti, debiti verso soci per finanziamenti, totale debiti verso soci per finanziamenti;;;;itcc-ci:DebitiDebitiVersoSociFinanziamentiTotaleDebitiVersoSociFinanziamenti
D.4 - Debiti, debiti verso banche, esigibili entro l'esercizio successivo;;;;itcc-ci:DebitiDebitiVersoBancheEsigibiliEntroEsercizioSuccessivo
D.4 - Debiti, debiti verso banche, esigibili oltre l'esercizio successivo;;;;itcc-ci:DebitiDebitiVersoBancheEsigibiliOltreEsercizioSuccessivo
D.4 - Debiti, debiti verso banche, totale debiti verso banche;;;;itcc-ci:DebitiDebitiVersoBancheTotaleDebitiVersoBanche
D.5 - Debiti, debiti verso altri finanziatori, esigibili entro l'esercizio successivo;;;;itcc-ci:DebitiDebitiVersoAltriFinanziatoriEsigibiliEntroEsercizioSuccessivo
D.5 - Debiti, debiti verso altri finanziatori, esigibili oltre l'esercizio successivo;;;;itcc-ci:DebitiDebitiVersoAltriFinanziatoriEsigibiliOltreEsercizioSuccessivo
D.5 - Debiti, debiti verso altri finanziatori, totale debiti verso altri finanziatori;;;;itcc-ci:DebitiDebitiVersoAltriFinanziatoriTotaleDebitiVersoAltriFinanziatori
D.6 - Debiti, acconti, esigibili entro l'esercizio successivo;;;;itcc-ci:DebitiAccontiEsigibiliEntroEsercizioSuccessivo
D.6 - Debiti, acconti, esigibili oltre l'esercizio successivo;;;;itcc-ci:DebitiAccontiEsigibiliOltreEsercizioSuccessivo
D.6 - Debiti, acconti, totale acconti;;;;itcc-ci:DebitiAccontiTotaleAcconti
D.7 - Debiti, debiti verso fornitori, esigibili entro l'esercizio successivo;;;;itcc-ci:DebitiDebitiVersoFornitoriEsigibiliEntroEsercizioSuccessivo
D.7 - Debiti, debiti verso fornitori, esigibili oltre l'esercizio successivo;;;;itcc-ci:DebitiDebitiVersoFornitoriEsigibiliOltreEsercizioSuccessivo
D.7 - Debiti, debiti verso fornitori, totale debiti verso fornitori;;;;itcc-ci:DebitiDebitiVersoFornitoriTotaleDebitiVersoFornitori
D.8 - Debiti, debiti rappresentati da titoli di credito, esigibili entro l'esercizio successivo;;;;itcc-ci:DebitiDebitiRappresentatiTitoliCreditoEsigibiliEntroEsercizioSuccessivo
D.8 - Debiti, debiti rappresentati da titoli di credito, esigibili oltre l'esercizio successivo;;;;itcc-ci:DebitiDebitiRappresentatiTitoliCreditoEsigibiliOltreEsercizioSuccessivo
D.8 - Debiti, debiti rappresentati da titoli di credito, totale debiti rappresentati da titoli di credito;;;;itcc-ci:DebitiDebitiRappresentatiTitoliCreditoTotaleDebitiRappresentatiTitoliCredito
D.9 - Debiti, debiti verso imprese controllate, esigibili entro l'esercizio successivo;;;;itcc-ci:DebitiDebitiVersoImpreseControllateEsigibiliEntroEsercizioSuccessivo
D.9 - Debiti, debiti verso imprese controllate, esigibili oltre l'esercizio successivo;;;;itcc-ci:DebitiDebitiVersoImpreseControllateEsigibiliOltreEsercizioSuccessivo
D.9 - Debiti, debiti verso imprese controllate, totale debiti verso imprese controllate;;;;itcc-ci:DebitiDebitiVersoImpreseControllateTotaleDebitiVersoImpreseControllate
D.10 - Debiti, debiti verso imprese collegate, esigibili entro l'esercizio successivo;;;;itcc-ci:DebitiDebitiVersoImpreseCollegateEsigibiliEntroEsercizioSuccessivo
D.10 - Debiti, debiti verso imprese collegate, esigibili oltre l'esercizio successivo;;;;itcc-ci:DebitiDebitiVersoImpreseCollegateEsigibiliOltreEsercizioSuccessivo
D.10 - Debiti, debiti verso imprese collegate, totale debiti verso imprese collegate;;;;itcc-ci:DebitiDebitiVersoImpreseCollegateTotaleDebitiVersoImpreseCollegate
D.11 - Debiti, debiti verso controllanti, esigibili entro l'esercizio successivo;;;;itcc-ci:DebitiDebitiVersoControllantiEsigibiliEntroEsercizioSuccessivo
D.11 - Debiti, debiti verso controllanti, esigibili oltre l'esercizio successivo;;;;itcc-ci:DebitiDebitiVersoControllantiEsigibiliOltreEsercizioSuccessivo
D.11 - Debiti, debiti verso controllanti, totale debiti verso controllanti;;;;itcc-ci:DebitiDebitiVersoControllantiTotaleDebitiVersoControllanti
D.11-bis - Debiti, debiti verso imprese sottoposte al controllo delle controllanti, esigibili entro l'esercizio successivo;;;;itcc-ci:DebitiDebitiVersoImpreseSottoposteControlloControllantiEsigibiliEntroEsercizioSuccessivo
D.11-bis - Debiti, debiti verso imprese sottoposte al controllo delle controllanti, esigibili oltre l'esercizio successivo;;;;itcc-ci:DebitiDebitiVersoImpreseSottoposteControlloControllantiEsigibiliOltreEsercizioSuccessivo
D.11-bis - Debiti, debiti verso imprese sottoposte al controllo delle controllanti, totale debiti verso imprese sottoposte al controllo delle controllanti;;;;itcc-ci:DebitiDebitiVersoImpreseSottoposteControlloControllantiTotaleDebitiVersoImpreseSottoposteControlloControllanti
D.12 - Debiti, debiti tributari, esigibili entro l'esercizio successivo;;;;itcc-ci:DebitiDebitiTributariEsigibiliEntroEsercizioSuccessivo
D.12 - Debiti, debiti tributari, esigibili oltre l'esercizio successivo;;;;itcc-ci:DebitiDebitiTributariEsigibiliOltreEsercizioSuccessivo
D.12 - Debiti, debiti tributari, totale debiti tributari;;;;itcc-ci:DebitiDebitiTributariTotaleDebitiTributari
D.13 - Debiti, debiti verso istituti di previdenza e di sicurezza sociale, esigibili entro l'esercizio successivo;;;;itcc-ci:DebitiDebitiVersoIstitutiPrevidenzaSicurezzaSocialeEsigibiliEntroEsercizioSuccessivo
D.13 - Debiti, debiti verso istituti di previdenza e di sicurezza sociale, esigibili oltre l'esercizio successivo;;;;itcc-ci:DebitiDebitiVersoIstitutiPrevidenzaSicurezzaSocialeEsigibiliOltreEsercizioSuccessivo
D.13 - Debiti, debiti verso istituti di previdenza e di sicurezza sociale, totale debiti verso istituti di previdenza e di sicurezza sociale;;;;itcc-ci:DebitiDebitiVersoIstitutiPrevidenzaSicurezzaSocialeTotaleDebitiVersoIstitutiPrevidenzaSicurezzaSociale
D.14 - Debiti, altri debiti, esigibili entro l'esercizio successivo;;;;itcc-ci:DebitiAltriDebitiEsigibiliEntroEsercizioSuccessivo
D.14 - Debiti, altri debiti, esigibili oltre l'esercizio successivo;;;;itcc-ci:DebitiAltriDebitiEsigibiliOltreEsercizioSuccessivo
D.14 - Totale altri debiti;;;;itcc-ci:DebitiAltriDebitiTotaleAltriDebiti
D - Totale debiti;;;;itcc-ci:TotaleDebiti
E - Passivo, ratei e risconti;;;;itcc-ci:PassivoRateiRisconti
Totale passivo;;;;itcc-ci:TotalePassivo
A.1 - Valore della produzione, ricavi delle vendite e delle prestazioni;;;;itcc-ci:ValoreProduzioneRicaviVenditePrestazioni
A.2 - Valore della produzione, variazioni delle rimanenze di prodotti in corso di lavorazione, semilavorati e finiti;;;;itcc-ci:ValoreProduzioneVariazioniRimanenzeProdottiCorsoLavorazioneSemilavoratiFiniti
A.3 - Valore della produzione, variazioni dei lavori in corso su ordinazione;;;;itcc-ci:ValoreProduzioneVariazioniLavoriCorsoOrdinazione
A.4 - Valore della produzione, incrementi di immobilizzazioni per lavori interni;;;;itcc-ci:ValoreProduzioneIncrementiImmobilizzazioniLavoriInterni
A.5 - Valore della produzione, altri ricavi e proventi, contributi in conto esercizio;;;;itcc-ci:ValoreProduzioneAltriRicaviProventiContributiContoEsercizio
A.5 - Valore della produzione, altri ricavi e proventi, altri;;;;itcc-ci:ValoreProduzioneAltriRicaviProventiAltri
A.5 - Valore della produzione, altri ricavi e proventi, totale altri ricavi e proventi;;;;itcc-ci:ValoreProduzioneAltriRicaviProventiTotaleAltriRicaviProventi
A - Totale valore della produzione;;;;itcc-ci:TotaleValoreProduzione
B.6 - Costi della produzione, per materie prime, sussidiarie, di consumo e di merci;;;;itcc-ci:CostiProduzioneMateriePrimeSussidiarieConsumoMerci
B.7 - Costi della produzione, per servizi;;;;itcc-ci:CostiProduzioneServizi
B.8 - Costi della produzione, per godimento di beni di terzi;;;;itcc-ci:CostiProduzioneGodimentoBeniTerzi
B.9.a - Costi della produzione, per il personale, salari e stipendi;;;;itcc-ci:CostiProduzionePersonaleSalariStipendi
B.9.b - Costi della produzione, per il personale, oneri sociali;;;;itcc-ci:CostiProduzionePersonaleOneriSociali
B.9.c - Costi della produzione, per il personale, trattamento di fine rapporto;;;;itcc-ci:CostiProduzionePersonaleTrattamentoFineRapporto
B.9.d - Costi della produzione, per il personale, trattamento di quiescenza e simili;;;;itcc-ci:CostiProduzionePersonaleTrattamentoQuiescenzaSimili
B.9.e - Costi della produzione, per il personale, altri costi;;;;itcc-ci:CostiProduzionePersonaleAltriCosti
B.9 - Costi della produzione, per il personale, totale costi per il personale;;;;itcc-ci:CostiProduzionePersonaleTotaleCostiPersonale
B.10.a - Costi della produzione, ammortamenti e svalutazioni, ammortamento delle immobilizzazioni immateriali;;;;itcc-ci:CostiProduzioneAmmortamentiSvalutazioniAmmortamentoImmobilizzazioniImmateriali
B.10.b - Costi della produzione, ammortamenti e svalutazioni, ammortamento delle immobilizzazioni materiali;;;;itcc-ci:CostiProduzioneAmmortamentiSvalutazioniAmmortamentoImmobilizzazioniMateriali
B.10.c - Costi della produzione, ammortamenti e svalutazioni, altre svalutazioni delle immobilizzazioni;;;;itcc-ci:CostiProduzioneAmmortamentiSvalutazioniAltreSvalutazioniImmobilizzazioni
B.10.d - Costi della produzione, ammortamenti e svalutazioni, svalutazioni dei crediti compresi nell'attivo circolante e delle disponibilità liquide;;;;itcc-ci:CostiProduzioneAmmortamentiSvalutazioniSvalutazioniCreditiCompresiAttivoCircolanteDisponibilitaLiquide
B.10 - Costi della produzione, ammortamenti e svalutazioni, totale ammortamenti e svalutazioni;;;;itcc-ci:CostiProduzioneAmmortamentiSvalutazioniTotaleAmmortamentiSvalutazioni
B.11 - Costi della produzione, variazioni delle rimanenze di materie prime, sussidiarie, di consumo e merci;;;;itcc-ci:CostiProduzioneVariazioniRimanenzeMateriePrimeSussidiarieConsumoMerci
B.12 - Costi della produzione, accantonamenti per rischi;;;;itcc-ci:CostiProduzioneAccantonamentiRischi
B.13 - Costi della produzione, altri accantonamenti;;;;itcc-ci:CostiProduzioneAltriAccantonamenti
B.14 - Costi della produzione, oneri diversi di gestione;;;;itcc-ci:CostiProduzioneOneriDiversiGestione
B - Totale costi della produzione;;;;itcc-ci:TotaleCostiProduzione
Differenza tra valore e costi della produzione;;;;itcc-ci:DifferenzaValoreCostiProduzione
C.15 - Proventi e oneri finanziari, proventi da partecipazioni, da imprese controllate;;;;itcc-ci:ProventiOneriFinanziariProventiPartecipazioniImpreseControllate
C.15 - Proventi e oneri finanziari, proventi da partecipazioni, da imprese collegate;;;;itcc-ci:ProventiOneriFinanziariProventiPartecipazioniImpreseCollegate
C.15 - Proventi e oneri finanziari, proventi da partecipazioni, da imprese controllanti;;;;itcc-ci:ProventiOneriFinanziariProventiPartecipazioniImpreseControllanti
C.15 - Proventi e oneri finanziari, proventi da partecipazioni, da imprese sottoposte al controllo delle controllanti;;;;itcc-ci:ProventiOneriFinanziariProventiPartecipazioniImpreseSottoposteControlloControllanti
C.15 - Proventi e oneri finanziari, proventi da partecipazioni, altri;;;;itcc-ci:ProventiOneriFinanziariProventiPartecipazioniAltri
C.15 - Proventi e oneri finanziari, proventi da partecipazioni, totale proventi da partecipazioni;;;;itcc-ci:ProventiOneriFinanziariProventiPartecipazioniTotaleProventiPartecipazioni
C.16.a - Proventi e oneri finanziari, altri proventi finanziari, da crediti iscritti nelle immobilizzazioni, da imprese controllate;;;;itcc-ci:ProventiOneriFinanziariAltriProventiFinanziariCreditiIscrittiImmobilizzazioniImpreseControllate
C.16.a - Proventi e oneri finanziari, altri proventi finanziari, da crediti iscritti nelle immobilizzazioni, da imprese collegate;;;;itcc-ci:ProventiOneriFinanziariAltriProventiFinanziariCreditiIscrittiImmobilizzazioniImpreseCollegate
C.16.a - Proventi e oneri finanziari, altri proventi finanziari, da crediti iscritti nelle immobilizzazioni, da imprese controllanti;;;;itcc-ci:ProventiOneriFinanziariAltriProventiFinanziariCreditiIscrittiImmobilizzazioniImpreseControllanti
C.16.a - Proventi e oneri finanziari, altri proventi finanziari, da crediti iscritti nelle immobilizzazioni, da imprese sottoposte al controllo delle controllanti;;;;itcc-ci:ProventiOneriFinanziariAltriProventiFinanziariCreditiIscrittiImmobilizzazioniImpreseSottoposteControlloControllanti
C.16.a - Proventi e oneri finanziari, altri proventi finanziari, da crediti iscritti nelle immobilizzazioni, altri;;;;itcc-ci:ProventiOneriFinanziariAltriProventiFinanziariCreditiIscrittiImmobilizzazioniAltri
C.16.a - Proventi e oneri finanziari, altri proventi finanziari, da crediti iscritti nelle immobilizzazioni, totale proventi finanziari da crediti iscritti nelle immobilizzazioni;;;;itcc-ci:ProventiOneriFinanziariAltriProventiFinanziariCreditiIscrittiImmobilizzazioniTotaleProventiFinanziariCreditiIscrittiImmobilizzazioni
C.16.b - Proventi e oneri finanziari, altri proventi finanziari, da titoli iscritti nelle immobilizzazioni che non costituiscono partecipazioni;;;;itcc-ci:ProventiOneriFinanziariAltriProventiFinanziariTitoliIscrittiImmobilizzazioniNonCostituisconoPartecipazioni
C.16.c - Proventi e oneri finanziari, altri proventi finanziari, da titoli iscritti nell'attivo circolante che non costituiscono partecipazioni;;;;itcc-ci:ProventiOneriFinanziariAltriProventiFinanziariTitoliIscrittiAttivoCircolanteNonCostituisconoPartecipazioni
C.16.d - Proventi e oneri finanziari, altri proventi finanziari, proventi diversi dai precedenti, da imprese controllate;;;;itcc-ci:ProventiOneriFinanziariAltriProventiFinanziariProventiDiversiPrecedentiImpreseControllate
C.16.d - Proventi e oneri finanziari, altri proventi finanziari, proventi diversi dai precedenti, da imprese collegate;;;;itcc-ci:ProventiOneriFinanziariAltriProventiFinanziariProventiDiversiPrecedentiImpreseCollegate
C.16.d - Proventi e oneri finanziari, altri proventi finanziari, proventi diversi dai precedenti, da imprese controllanti;;;;itcc-ci:ProventiOneriFinanziariAltriProventiFinanziariProventiDiversiPrecedentiImpreseControllanti
C.16.d - Proventi e oneri finanziari, altri proventi finanziari, proventi diversi dai precedenti, da imprese sottoposte al controllo delle controllanti;;;;itcc-ci:ProventiOneriFinanziariAltriProventiFinanziariProventiDiversiPrecedentiImpreseSottoposteControlloControllanti
C.16.d - Proventi e oneri finanziari, altri proventi finanziari, proventi diversi dai precedenti, altri;;;;itcc-ci:ProventiOneriFinanziariAltriProventiFinanziariProventiDiversiPrecedentiAltri
C.16.d - Proventi e oneri finanziari, altri proventi finanziari, proventi diversi dai precedenti, totale proventi diversi dai precedenti;;;;itcc-ci:ProventiOneriFinanziariAltriProventiFinanziariProventiDiversiPrecedentiTotaleProventiDiversiPrecedenti
C.16 - Proventi e oneri finanziari, altri proventi finanziari, totale altri proventi finanziari;;;;itcc-ci:ProventiOneriFinanziariAltriProventiFinanziariTotaleAltriProventiFinanziari
C.17 - Proventi e oneri finanziari, interessi e altri oneri finanziari, verso imprese controllate;;;;itcc-ci:ProventiOneriFinanziariInteressiAltriOneriFinanziariVersoImpreseControllate
C.17 - Proventi e oneri finanziari, interessi e altri oneri finanziari, verso imprese collegate;;;;itcc-ci:ProventiOneriFinanziariInteressiAltriOneriFinanziariVersoImpreseCollegate
C.17 - Proventi e oneri finanziari, interessi e altri oneri finanziari, verso imprese controllanti;;;;itcc-ci:ProventiOneriFinanziariInteressiAltriOneriFinanziariVersoImpreseControllanti
C.17 - Proventi e oneri finanziari, interessi e altri oneri finanziari, verso imprese sottoposte al controllo delle controllanti;;;;itcc-ci:ProventiOneriFinanziariInteressiAltriOneriFinanziariVersoImpreseSottoposteControlloControllanti
C.17 - Proventi e oneri finanziari, interessi e altri oneri finanziari, altri;;;;itcc-ci:ProventiOneriFinanziariInteressiAltriOneriFinanziariAltri
C.17 - Proventi e oneri finanziari, interessi e altri oneri finanziari, totale interessi e altri oneri finanziari;;;;itcc-ci:ProventiOneriFinanziariInteressiAltriOneriFinanziariTotaleInteressiAltriOneriFinanziari
C.17-bis - Proventi e oneri finanziari, utili e perdite su cambi;;;;itcc-ci:ProventiOneriFinanziariUtiliPerditeCambi
C - Totale proventi e oneri finanziari;;;;itcc-ci:TotaleProventiOneriFinanziari
D.18.a - Rettifiche di valore di attività e passività finanziarie, rivalutazioni, di partecipazioni;;;;itcc-ci:RettificheValoreAttivitaPassivitaFinanziarieRivalutazioniPartecipazioni
D.18.b - Rettifiche di valore di attività e passività finanziarie, rivalutazioni, di immobilizzazioni finanziarie che non costituiscono partecipazioni;;;;itcc-ci:RettificheValoreAttivitaPassivitaFinanziarieRivalutazioniImmobilizzazioniFinanziarieNonCostituisconoPartecipazioni
D.18.c - Rettifiche di valore di attività e passività finanziarie, rivalutazioni, di titoli iscritti all'attivo circolante che non costituiscono partecipazioni;;;;itcc-ci:RettificheValoreAttivitaPassivitaFinanziarieRivalutazioniTitoliIscrittiAttivoCircolanteNonCostituisconoPartecipazioni
D.18.d - Rettifiche di valore di attività e passività finanziarie, rivalutazioni, di strumenti finanziari derivati;;;;itcc-ci:RettificheValoreAttivitaPassivitaFinanziarieRivalutazioniStrumentiFinanziariDerivati
D.18 - Rettifiche di valore di attività e passività finanziarie, rivalutazioni, di attività finanziarie per la gestione accentrata della tesoreria;;;;itcc-ci:RettificheValoreAttivitaPassivitaFinanziarieRivalutazioniAttivitaFinanziarieLaGestioneAccentrataTesoreria
D.18 - Rettifiche di valore di attività e passività finanziarie, rivalutazioni, totale rivalutazioni;;;;itcc-ci:RettificheValoreAttivitaPassivitaFinanziarieRivalutazioniTotaleRivalutazioni
D.19.a - Rettifiche di valore di attività e passività finanziarie, svalutazioni, di partecipazioni;;;;itcc-ci:RettificheValoreAttivitaPassivitaFinanziarieSvalutazioniPartecipazioni
D.19.b - Rettifiche di valore di attività e passività finanziarie, svalutazioni, di immobilizzazioni finanziarie che non costituiscono partecipazioni;;;;itcc-ci:RettificheValoreAttivitaPassivitaFinanziarieSvalutazioniImmobilizzazioniFinanziarieNonCostituisconoPartecipazioni
D.19.c - Rettifiche di valore di attività e passività finanziarie, svalutazioni, di titoli iscritti nell'attivo circolante che non costituiscono partecipazioni;;;;itcc-ci:RettificheValoreAttivitaPassivitaFinanziarieSvalutazioniTitoliIscrittiAttivoCircolanteNonCostituisconoPartecipazioni
D.19.d - Rettifiche di valore di attività e passività finanziarie, svalutazioni, di strumenti finanziari derivati;;;;itcc-ci:RettificheValoreAttivitaPassivitaFinanziarieSvalutazioniStrumentiFinanziariDerivati
D.19 - Rettifiche di valore di attività e passività finanziarie, svalutazioni, di attività finanziarie per la gestione accentrata della tesoreria;;;;itcc-ci:RettificheValoreAttivitaPassivitaFinanziarieSvalutazioniAttivitaFinanziarieLaGestioneAccentrataTesoreria
D.19 - Rettifiche di valore di attività e passività finanziarie, svalutazioni, totale svalutazioni;;;;itcc-ci:RettificheValoreAttivitaPassivitaFinanziarieSvalutazioniTotaleSvalutazioni
D - Totale delle rettifiche di valore di attività e passività finanziarie;;;;itcc-ci:TotaleRettificheValoreAttivitaPassivitaFinanziarie
Risultato prima delle imposte;;;;itcc-ci:RisultatoPrimaImposte
20 - Imposte sul reddito dell'esercizio, correnti, differite e anticipate, imposte correnti;;;;itcc-ci:ImposteRedditoEsercizioCorrentiDifferiteAnticipateImposteCorrenti
20 - Imposte sul reddito dell'esercizio, correnti, differite e anticipate, imposte relative a esercizi precedenti;;;;itcc-ci:ImposteRedditoEsercizioCorrentiDifferiteAnticipateImposteRelativeEserciziPrecedenti
20 - Imposte sul reddito dell'esercizio, correnti, differite e anticipate, imposte differite e anticipate;;;;itcc-ci:ImposteRedditoEsercizioCorrentiDifferiteAnticipateImposteDifferiteAnticipate
20 - Imposte sul reddito dell'esercizio, correnti, differite e anticipate, proventi (oneri) da adesione al regime di consolidato fiscale / trasparenza fiscale;;;;itcc-ci:ImposteRedditoEsercizioCorrentiDifferiteAnticipateProventiOneriAdesioneRegimeConsolidatoFiscaleTrasparenzaFiscale
20 - Imposte sul reddito dell'esercizio, correnti, differite e anticipate, totale delle imposte sul reddito dell'esercizio, correnti, differite e anticipate;;;;itcc-ci:ImposteRedditoEsercizioCorrentiDifferiteAnticipateTotaleImposteRedditoEsercizioCorrentiDifferiteAnticipate
21 - Utile (perdita) dell'esercizio;;;;itcc-ci:UtilePerditaEsercizio
Utile (perdita) dell'esercizio;;;;itcc-ci:UtilePerditaEsercizio
Imposte sul reddito dell'esercizio, correnti, differite e anticipate, totale delle imposte sul reddito dell'esercizio, correnti, differite e anticipate;;;;itcc-ci:ImposteRedditoEsercizioCorrentiDifferiteAnticipateTotaleImposteRedditoEsercizioCorrentiDifferiteAnticipate
Flussi finanziari derivanti dall'attività operativa (metodo indiretto), interessi passivi/(attivi);;;;itcc-ci:FlussiFinanziariDerivantiAttivitaOperativaMetodoIndirettoInteressiPassiviattivi
Flussi finanziari derivanti dall'attività operativa (metodo indiretto), (dividendi);;;;itcc-ci:FlussiFinanziariDerivantiAttivitaOperativaMetodoIndirettoDividendi
Flussi finanziari derivanti dall'attività operativa (metodo indiretto), (plusvalenze)/minusvalenze derivanti dalla cessione di attività;;;;itcc-ci:FlussiFinanziariDerivantiAttivitaOperativaMetodoIndirettoPlusvalenzeminusvalenzeDerivantiCessioneAttivita
Utile (perdita) dell'esercizio prima d'imposte sul reddito, interessi, dividendi e plus/minusvalenze da cessione;;;;itcc-ci:UtilePerditaEsercizioPrimaImposteRedditoInteressiDividendiPlusminusvalenzeCessione
Rettifiche per elementi non monetari che non hanno avuto contropartita nel capitale circolante netto, accantonamenti ai fondi;;;;itcc-ci:RettificheElementiNonMonetariNonHannoAvutoContropartitaCapitaleCircolanteNettoAccantonamentiFondi
Rettifiche per elementi non monetari che non hanno avuto contropartita nel capitale circolante netto, ammortamenti delle immobilizzazioni;;;;itcc-ci:RettificheElementiNonMonetariNonHannoAvutoContropartitaCapitaleCircolanteNettoAmmortamentiImmobilizzazioni
Rettifiche per elementi non monetari che non hanno avuto contropartita nel capitale circolante netto, svalutazioni per perdite durevoli di valore;;;;itcc-ci:RettificheElementiNonMonetariNonHannoAvutoContropartitaCapitaleCircolanteNettoSvalutazioniPerditeDurevoliValore
Rettifiche di valore di attività e passività finanziarie di strumenti finanziari derivati che non comportano movimentazione monetarie;;;;itcc-ci:RettificheValoreAttivitaPassivitaFinanziarieStrumentiFinanziariDerivatiNonComportanoMovimentazioneMonetarie
Rettifiche per elementi non monetari che non hanno avuto contropartita nel capitale circolante netto, altre rettifiche in aumento/(in diminuzione) per elementi non monetari;;;;itcc-ci:RettificheElementiNonMonetariNonHannoAvutoContropartitaCapitaleCircolanteNettoAltreRettificheAumentoinDiminuzioneElementiNonMonetari
Totale rettifiche per elementi non monetari che non hanno avuto contropartita nel capitale circolante netto;;;;itcc-ci:TotaleRettificheElementiNonMonetariNonHannoAvutoContropartitaCapitaleCircolanteNetto
Flusso finanziario prima delle variazioni del capitale circolante netto;;;;itcc-ci:FlussoFinanziarioPrimaVariazioniCapitaleCircolanteNetto
Variazioni del capitale circolante netto, decremento/(incremento) delle rimanenze;;;;itcc-ci:VariazioniCapitaleCircolanteNettoDecrementoincrementoRimanenze
Variazioni del capitale circolante netto, decremento/(incremento) dei crediti verso clienti;;;;itcc-ci:VariazioniCapitaleCircolanteNettoDecrementoincrementoCreditiVersoClienti
Variazioni del capitale circolante netto, incremento/(decremento) dei debiti verso fornitori;;;;itcc-ci:VariazioniCapitaleCircolanteNettoIncrementodecrementoDebitiVersoFornitori
Variazioni del capitale circolante netto, decremento/(incremento) dei ratei e risconti attivi;;;;itcc-ci:VariazioniCapitaleCircolanteNettoDecrementoincrementoRateiRiscontiAttivi
Variazioni del capitale circolante netto, incremento/(decremento) dei ratei e risconti passivi;;;;itcc-ci:VariazioniCapitaleCircolanteNettoIncrementodecrementoRateiRiscontiPassivi
Variazioni del capitale circolante netto, altri decrementi/(altri incrementi) del capitale circolante netto;;;;itcc-ci:VariazioniCapitaleCircolanteNettoAltriDecrementialtriIncrementiCapitaleCircolanteNetto
Totale variazioni del capitale circolante netto;;;;itcc-ci:TotaleVariazioniCapitaleCircolanteNetto
Flusso finanziario dopo le variazioni del capitale circolante netto;;;;itcc-ci:FlussoFinanziarioDopoVariazioniCapitaleCircolanteNetto
Flussi finanziari derivanti dall'attività operativa (metodo indiretto), Altre rettifiche, interessi incassati/(pagati);;;;itcc-ci:FlussiFinanziariDerivantiAttivitaOperativaMetodoIndirettoAltreRettificheInteressiIncassatipagati
Flussi finanziari derivanti dall'attività operativa (metodo indiretto), Altre rettifiche, (imposte sul reddito pagate);;;;itcc-ci:FlussiFinanziariDerivantiAttivitaOperativaMetodoIndirettoAltreRettificheImposteRedditoPagate
Flussi finanziari derivanti dall'attività operativa (metodo indiretto), Altre rettifiche, dividendi incassati;;;;itcc-ci:FlussiFinanziariDerivantiAttivitaOperativaMetodoIndirettoAltreRettificheDividendiIncassati
Flussi finanziari derivanti dall'attività operativa (metodo indiretto), Altre rettifiche, (utilizzo dei fondi);;;;itcc-ci:FlussiFinanziariDerivantiAttivitaOperativaMetodoIndirettoAltreRettificheUtilizzoFondi
Flussi finanziari derivanti dall'attività operativa (metodo indiretto), Altre rettifiche, altri incassi/(pagamenti);;;;itcc-ci:FlussiFinanziariDerivantiAttivitaOperativaMetodoIndirettoAltreRettificheAltriIncassipagamenti
Flussi finanziari derivanti dall'attività operativa (metodo indiretto), Altre rettifiche, totale altre rettifiche;;;;itcc-ci:FlussiFinanziariDerivantiAttivitaOperativaMetodoIndirettoAltreRettificheTotaleAltreRettifiche
Flusso finanziario dell'attività operativa;;;;itcc-ci:FlussoFinanziarioAttivitaOperativa
Flussi finanziari derivanti dall'attività d'investimento, Immobilizzazioni materiali, (investimenti);;;;itcc-ci:FlussiFinanziariDerivantiAttivitaInvestimentoImmobilizzazioniMaterialiInvestimenti
Flussi finanziari derivanti dall'attività d'investimento, Immobilizzazioni materiali, disinvestimenti;;;;itcc-ci:FlussiFinanziariDerivantiAttivitaInvestimentoImmobilizzazioniMaterialiDisinvestimenti
Flussi finanziari derivanti dall'attività d'investimento, Immobilizzazioni immateriali, (investimenti);;;;itcc-ci:FlussiFinanziariDerivantiAttivitaInvestimentoImmobilizzazioniImmaterialiInvestimenti
Flussi finanziari derivanti dall'attività d'investimento, Immobilizzazioni immateriali, disinvestimenti;;;;itcc-ci:FlussiFinanziariDerivantiAttivitaInvestimentoImmobilizzazioniImmaterialiDisinvestimenti
Flussi finanziari derivanti dall'attività d'investimento, Immobilizzazioni finanziarie, (investimenti);;;;itcc-ci:FlussiFinanziariDerivantiAttivitaInvestimentoImmobilizzazioniFinanziarieInvestimenti
Flussi finanziari derivanti dall'attività d'investimento, Immobilizzazioni finanziarie, disinvestimenti;;;;itcc-ci:FlussiFinanziariDerivantiAttivitaInvestimentoImmobilizzazioniFinanziarieDisinvestimenti
Flussi finanziari derivanti dall'attività d'investimento, Attività finanziarie non immobilizzate, (investimenti);;;;itcc-ci:FlussiFinanziariDerivantiAttivitaInvestimentoAttivitaFinanziarieNonImmobilizzateInvestimenti
Flussi finanziari derivanti dall'attività d'investimento, Attività finanziarie non immobilizzate, disinvestimenti;;;;itcc-ci:FlussiFinanziariDerivantiAttivitaInvestimentoAttivitaFinanziarieNonImmobilizzateDisinvestimenti
(Acquisizione di rami d'azienda al netto delle disponibilità liquide);;;;itcc-ci:AcquisizioneRamiAziendaNettoDisponibilitaLiquide
Cessione di rami d'azienda al netto delle disponibilità liquide;;;;itcc-ci:CessioneRamiAziendaNettoDisponibilitaLiquide
Flusso finanziario dell'attività di investimento;;;;itcc-ci:FlussoFinanziarioAttivitaInvestimento
Incremento/(Decremento) debiti a breve verso banche;;;;itcc-ci:IncrementoDecrementoDebitiBreveVersoBanche
Accensione finanziamenti;;;;itcc-ci:AccensioneFinanziamenti
(Rimborso finanziamenti);;;;itcc-ci:RimborsoFinanziamenti
Aumento di capitale a pagamento;;;;itcc-ci:AumentoCapitalePagamento
(Rimborso di capitale);;;;itcc-ci:RimborsoCapitale
Cessione/(Acquisto) di azioni proprie;;;;itcc-ci:CessioneAcquistoAzioniProprie
(Dividendi e acconti su dividendi pagati);;;;itcc-ci:DividendiAccontiDividendiPagati
Flusso finanziario dell'attività di finanziamento;;;;itcc-ci:FlussoFinanziarioAttivitaFinanziamento
Incremento (decremento) delle disponibilità liquide;;;;itcc-ci:IncrementoDecrementoDisponibilitaLiquide
Disponibilità liquide a inizio esercizio, depositi bancari e postali;;;;itcc-ci:DisponibilitaLiquideInizioEsercizioDepositiBancariPostali
Disponibilità liquide a inizio esercizio, assegni;;;;itcc-ci:DisponibilitaLiquideInizioEsercizioAssegni
Disponibilità liquide a inizio esercizio, danaro e valori in cassa;;;;itcc-ci:DisponibilitaLiquideInizioEsercizioDanaroValoriCassa
Disponibilità liquide a inizio esercizio, totale disponibilità liquide a inizio esercizio;;;;itcc-ci:DisponibilitaLiquideInizioEsercizioTotaleDisponibilitaLiquideInizioEsercizio
Disponibilità liquide a inizio esercizio, di cui non liberamente utilizzabili;;;;itcc-ci:DisponibilitaLiquideInizioEsercizioNonLiberamenteUtilizzabili
Disponibilità liquide, depositi bancari e postali;;;;itcc-ci:DisponibilitaLiquideDepositiBancariPostali
Disponibilità liquide, assegni;;;;itcc-ci:DisponibilitaLiquideAssegni
Disponibilità liquide, danaro e valori in cassa;;;;itcc-ci:DisponibilitaLiquideDanaroValoriCassa
Totale disponibilità liquide;;;;itcc-ci:TotaleDisponibilitaLiquide
Disponibilità liquide a fine esercizio, di cui non liberamente utilizzabili;;;;itcc-ci:DisponibilitaLiquideFineEsercizioNonLiberamenteUtilizzabili
Flussi finanziari derivanti dall'atività operativa (metodo diretto), incassi da clienti;;;;itcc-ci:FlussiFinanziariDerivantiAtivitaOperativaMetodoDirettoIncassiClienti
Flussi finanziari derivanti dall'atività operativa (metodo diretto), altri incassi;;;;itcc-ci:FlussiFinanziariDerivantiAtivitaOperativaMetodoDirettoAltriIncassi
Flussi finanziari derivanti dall'atività operativa (metodo diretto), (pagamenti a fornitori per acquisti);;;;itcc-ci:FlussiFinanziariDerivantiAtivitaOperativaMetodoDirettoPagamentiFornitoriAcquisti
Flussi finanziari derivanti dall'atività operativa (metodo diretto), (pagamenti a fornitori per servizi);;;;itcc-ci:FlussiFinanziariDerivantiAtivitaOperativaMetodoDirettoPagamentiFornitoriServizi
Flussi finanziari derivanti dall'atività operativa (metodo diretto), (pagamenti al personale);;;;itcc-ci:FlussiFinanziariDerivantiAtivitaOperativaMetodoDirettoPagamentiPersonale
Flussi finanziari derivanti dall'atività operativa (metodo diretto), (altri pagamenti);;;;itcc-ci:FlussiFinanziariDerivantiAtivitaOperativaMetodoDirettoAltriPagamenti
Flussi finanziari derivanti dall'atività operativa (metodo diretto), (imposte pagate sul reddito);;;;itcc-ci:FlussiFinanziariDerivantiAtivitaOperativaMetodoDirettoImpostePagateReddito
Flussi finanziari derivanti dall'atività operativa (metodo diretto), interessi incassati/(pagati);;;;itcc-ci:FlussiFinanziariDerivantiAtivitaOperativaMetodoDirettoInteressiIncassatipagati
Flussi finanziari derivanti dall'atività operativa (metodo diretto), dividendi incassati;;;;itcc-ci:FlussiFinanziariDerivantiAtivitaOperativaMetodoDirettoDividendiIncassati
Flusso finanziario dell'attività operativa;;;;itcc-ci:FlussoFinanziarioAttivitaOperativa
Flussi finanziari derivanti dall'attività d'investimento, Immobilizzazioni materiali, (investimenti);;;;itcc-ci:FlussiFinanziariDerivantiAttivitaInvestimentoImmobilizzazioniMaterialiInvestimenti
Flussi finanziari derivanti dall'attività d'investimento, Immobilizzazioni materiali, disinvestimenti;;;;itcc-ci:FlussiFinanziariDerivantiAttivitaInvestimentoImmobilizzazioniMaterialiDisinvestimenti
Flussi finanziari derivanti dall'attività d'investimento, Immobilizzazioni immateriali, (investimenti);;;;itcc-ci:FlussiFinanziariDerivantiAttivitaInvestimentoImmobilizzazioniImmaterialiInvestimenti
Flussi finanziari derivanti dall'attività d'investimento, Immobilizzazioni immateriali, disinvestimenti;;;;itcc-ci:FlussiFinanziariDerivantiAttivitaInvestimentoImmobilizzazioniImmaterialiDisinvestimenti
Flussi finanziari derivanti dall'attività d'investimento, Immobilizzazioni finanziarie, (investimenti);;;;itcc-ci:FlussiFinanziariDerivantiAttivitaInvestimentoImmobilizzazioniFinanziarieInvestimenti
Flussi finanziari derivanti dall'attività d'investimento, Immobilizzazioni finanziarie, disinvestimenti;;;;itcc-ci:FlussiFinanziariDerivantiAttivitaInvestimentoImmobilizzazioniFinanziarieDisinvestimenti
Flussi finanziari derivanti dall'attività d'investimento, Attività finanziarie non immobilizzate, (investimenti);;;;itcc-ci:FlussiFinanziariDerivantiAttivitaInvestimentoAttivitaFinanziarieNonImmobilizzateInvestimenti
Flussi finanziari derivanti dall'attività d'investimento, Attività finanziarie non immobilizzate, disinvestimenti;;;;itcc-ci:FlussiFinanziariDerivantiAttivitaInvestimentoAttivitaFinanziarieNonImmobilizzateDisinvestimenti
(Acquisizione di rami d'azienda al netto delle disponibilità liquide);;;;itcc-ci:AcquisizioneRamiAziendaNettoDisponibilitaLiquide
Cessione di rami d'azienda al netto delle disponibilità liquide;;;;itcc-ci:CessioneRamiAziendaNettoDisponibilitaLiquide
Flusso finanziario dell'attività di investimento;;;;itcc-ci:FlussoFinanziarioAttivitaInvestimento
Incremento/(Decremento) debiti a breve verso banche;;;;itcc-ci:IncrementoDecrementoDebitiBreveVersoBanche
Accensione finanziamenti;;;;itcc-ci:AccensioneFinanziamenti
(Rimborso finanziamenti);;;;itcc-ci:RimborsoFinanziamenti
Aumento di capitale a pagamento;;;;itcc-ci:AumentoCapitalePagamento
(Rimborso di capitale);;;;itcc-ci:RimborsoCapitale
Cessione/(Acquisto) di azioni proprie;;;;itcc-ci:CessioneAcquistoAzioniProprie
(Dividendi e acconti su dividendi pagati);;;;itcc-ci:DividendiAccontiDividendiPagati
Flusso finanziario dell'attività di finanziamento;;;;itcc-ci:FlussoFinanziarioAttivitaFinanziamento
Incremento (decremento) delle disponibilità liquide;;;;itcc-ci:IncrementoDecrementoDisponibilitaLiquide
Disponibilità liquide a inizio esercizio, depositi bancari e postali;;;;itcc-ci:DisponibilitaLiquideInizioEsercizioDepositiBancariPostali
Disponibilità liquide a inizio esercizio, assegni;;;;itcc-ci:DisponibilitaLiquideInizioEsercizioAssegni
Disponibilità liquide a inizio esercizio, danaro e valori in cassa;;;;itcc-ci:DisponibilitaLiquideInizioEsercizioDanaroValoriCassa
Disponibilità liquide a inizio esercizio, totale disponibilità liquide a inizio esercizio;;;;itcc-ci:DisponibilitaLiquideInizioEsercizioTotaleDisponibilitaLiquideInizioEsercizio
Disponibilità liquide a inizio esercizio, di cui non liberamente utilizzabili;;;;itcc-ci:DisponibilitaLiquideInizioEsercizioNonLiberamenteUtilizzabili
Disponibilità liquide, depositi bancari e postali;;;;itcc-ci:DisponibilitaLiquideDepositiBancariPostali
Disponibilità liquide, assegni;;;;itcc-ci:DisponibilitaLiquideAssegni
Disponibilità liquide, danaro e valori in cassa;;;;itcc-ci:DisponibilitaLiquideDanaroValoriCassa
Totale disponibilità liquide;;;;itcc-ci:TotaleDisponibilitaLiquide
Disponibilità liquide a fine esercizio, di cui non liberamente utilizzabili;;;;itcc-ci:DisponibilitaLiquideFineEsercizioNonLiberamenteUtilizzabili
